{
  "groups": [],
  "properties": [
    {
      "name": "cn.app.filters.api-gateway-filter.enabled",
      "type": "java.lang.Boolean",
      "defaultValue": false
    },
    {
      "name": "cn.app.filters.api-gateway-filter.base-path",
      "type": "java.lang.String",
      "defaultValue": ""
    },
    {
      "name": "cn.app.application-info-header.attributes",
      "description": "key-value pairs"
    },
    {
      "name": "cn.app.configure.default-time-zone",
      "description": "e.g. UTC"
    },
    {
      "name": "cn.app.datasource-configure.enabled",
      "type": "java.lang.Boolean",
      "defaultValue": false
    },
    {
      "name": "cn.app.datasource-populate.enabled",
      "type": "java.lang.Boolean",
      "defaultValue": false
    },
    {
      "name": "cn.app.disable-local-discovery-client.enabled",
      "type": "java.lang.Boolean",
      "defaultValue": false
    },
    {
      "name": "cn.app.exception-handler.logging.default-exclude-exceptions",
      "type": "java.util.List<java.lang.String>",
      "description": "class ant pattern(s) to be combined with exclude-exceptions; e.g. com.ford.**",
      "defaultValue": [
        "org.springframework.web.MissingPathVariableException",
        "org.springframework.http.converter.HttpMessageNotWritableException",
        "org.springframework.beans.ConversionNotSupportedException"
      ]
    },
    {
      "name": "cn.app.exception-handler.logging.exclude-exceptions",
      "type": "java.util.List<java.lang.String>",
      "description": "class ant pattern(s); e.g. com.ford.**",
      "defaultValue": []
    },
    {
      "name": "cn.app.exception-handler.logging.include-exceptions",
      "type": "java.util.List<java.lang.String>",
      "description": "class ant pattern(s); e.g. com.ford.**",
      "defaultValue": []
    },
    {
      "name": "cn.app.exception-handler.messages.white-list.exceptions",
      "type": "java.util.List<java.lang.String>",
      "description": "class ant pattern(s); e.g. com.ford.**",
      "defaultValue": [
          "com.ford.**",
          "org.springframework.web.bind.MissingRequestValueException",
          "org.springframework.web.bind.MethodArgumentNotValidException",
          "org.springframework.web.HttpMediaTypeException",
          "org.springframework.web.server.UnsupportedMediaTypeStatusException",
          "org.springframework.web.server.MediaTypeNotSupportedStatusException",
          "org.springframework.web.server.ServerWebInputException",
          "org.springframework.web.server.NotAcceptableStatusException",
          "org.springframework.web.server.MethodNotAllowedException"
      ]
    },
    {
      "name": "cn.app.exception-handler.messages.white-list.generic-message",
      "defaultValue": "No message available"
    },
    {
      "name": "cn.app.request-info-header.enabled",
      "type": "java.lang.Boolean",
      "defaultValue": false
    },
    {
      "name": "cn.app.secured-api.enabled",
      "type": "java.lang.Boolean",
      "defaultValue": false
    },
    {
      "name": "cn.app.secured-api.http-method.disallow-head",
      "type": "java.lang.Boolean",
      "defaultValue": true
    },
    {
      "name": "cn.app.secured-api.http-method.disallow-options-for-non-cors",
      "type": "java.lang.Boolean",
      "defaultValue": true
    },
    {
      "name": "cn.app.secured-api.path-match.use-trailing-slash-match",
      "type": "java.lang.Boolean",
      "defaultValue": true
    },
    {
      "name": "cn.app.secured-api.use-strict-string-deserializer",
      "type": "java.lang.Boolean",
      "defaultValue": true
    },
    {
      "name": "cn.app.swagger.apidoc.schemes",
      "description": "e.g. https, http"
    },
    {
      "name": "cn.app.swagger.default-produces",
      "defaultValue": [ "application/json", "application/problem+json" ]
    },
    {
      "name": "cn.app.swagger.security.adfs.env",
      "description": "i.e. qa, prod (defaults to prod)"
    },
    {
      "name": "cn.app.swagger.security.adfs.paths",
      "description": "path ant pattern(s); e.g. **/api/v1/**"
    },
    {
      "name": "cn.app.swagger.security.adfs.scopes",
      "description": "ignore this property (ADFS does not support scopes)"
    },
    {
      "name": "cn.app.swagger.security.adfs.token-url",
      "description": "use 'env' property instead"
    },
    {
      "name": "cn.app.swagger.security.apic.env",
      "description": "use 'token-url' property instead"
    },
    {
      "name": "cn.app.swagger.security.apic.paths",
      "description": "path ant pattern(s); e.g. /**/api/v1/**"
    },
    {
      "name": "cn.app.swagger.security.apic.scopes",
      "description": "key = scope name; value = description"
    },
    {
      "name": "cn.app.swagger.security.apic.token-url"
    },
    {
      "name": "cn.app.swagger.security.application-id.paths",
      "description": "path ant pattern(s); e.g. /**/api/v1/**"
    },
    {
      "name": "cn.app.swagger.security.azure-ad.env",
      "description": "i.e. v1, v2  (defaults to v2)"
    },
    {
      "name": "cn.app.swagger.security.azure-ad.paths",
      "description": "path ant pattern(s); e.g. **/api/v1/**"
    },
    {
      "name": "cn.app.swagger.security.azure-ad.scopes",
      "description": "key = scope name; value = description"
    },
    {
      "name": "cn.app.swagger.security.azure-ad.token-url",
      "description": "use 'env' property instead"
    },
    {
      "name": "cn.app.swagger.security.cat-auth-token.paths",
      "description": "path ant pattern(s); e.g. **/api/v1/**"
    }
  ],
  "hints": []
}