{"options":{},"indexes":[{"v":2,"key":{"_id":1},"name":"_id_","ns":"spog.admin-user"},{"v":2,"unique":true,"key":{"email":1},"name":"email","collation":{"locale":"en_US","caseLevel":false,"caseFirst":"off","strength":2,"numericOrdering":false,"alternate":"non-ignorable","maxVariable":"punct","normalization":false,"backwards":false,"version":"57.1"},"ns":"spog.admin-user"},{"v":2,"key":{"name":1},"name":"name","collation":{"locale":"en_US","caseLevel":false,"caseFirst":"off","strength":2,"numericOrdering":false,"alternate":"non-ignorable","maxVariable":"punct","normalization":false,"backwards":false,"version":"57.1"},"ns":"spog.admin-user"},{"v":2,"unique":true,"key":{"userId":1},"name":"userId","sparse":true,"collation":{"locale":"en_US","caseLevel":false,"caseFirst":"off","strength":2,"numericOrdering":false,"alternate":"non-ignorable","maxVariable":"punct","normalization":false,"backwards":false,"version":"57.1"},"ns":"spog.admin-user"}],"uuid":"f38b2630453e4578984975a054d6476d"}