{"options":{},"indexes":[{"v":2,"key":{"_id":1},"name":"_id_","ns":"spog.device-monitoring"},{"v":2,"key":{"enterpriseId":1},"name":"enterpriseId","collation":{"locale":"en_US","caseLevel":false,"caseFirst":"off","strength":3,"numericOrdering":true,"alternate":"non-ignorable","maxVariable":"punct","normalization":false,"backwards":false,"version":"57.1"},"ns":"spog.device-monitoring"},{"v":2,"key":{"locationId":1},"name":"locationId","collation":{"locale":"en_US","caseLevel":false,"caseFirst":"off","strength":3,"numericOrdering":true,"alternate":"non-ignorable","maxVariable":"punct","normalization":false,"backwards":false,"version":"57.1"},"ns":"spog.device-monitoring"},{"v":2,"key":{"imsi":1},"name":"imsi","collation":{"locale":"en_US","caseLevel":false,"caseFirst":"off","strength":3,"numericOrdering":true,"alternate":"non-ignorable","maxVariable":"punct","normalization":false,"backwards":false,"version":"57.1"},"ns":"spog.device-monitoring"},{"v":2,"key":{"createdTime":1},"name":"createdTime","expireAfterSeconds":{"$numberLong":"3600"},"collation":{"locale":"en_US","caseLevel":false,"caseFirst":"off","strength":3,"numericOrdering":true,"alternate":"non-ignorable","maxVariable":"punct","normalization":false,"backwards":false,"version":"57.1"},"ns":"spog.device-monitoring"}],"uuid":"ca8bd9f36cac489ab862ca2b10597b03"}