{"options":{"viewOn":"enterprise-location","pipeline":[{"$lookup":{"from":"enterprise","localField":"enterpriseId","foreignField":"_id","as":"enterprise"}},{"$lookup":{"from":"equipment-vendor","localField":"enterprise.coreVendor","foreignField":"_id","as":"coreVend"}},{"$lookup":{"from":"equipment-vendor","localField":"enterprise.radioVendor","foreignField":"_id","as":"radioVend"}},{"$addFields":{"ecpdId":{"$arrayElemAt":["$enterprise.ecpdId",0.0]},"authId":{"$arrayElemAt":["$enterprise.authId",0.0]},"enterpriseName":{"$arrayElemAt":["$enterprise.name",0.0]},"enterpriseState":{"$arrayElemAt":["$enterprise.enterpriseState",0.0]},"avgFSetInd":{"$arrayElemAt":["$enterprise.avgFSetInd",0.0]},"avgA4KeyInd":{"$arrayElemAt":["$enterprise.avgA4KeyInd",0.0]},"functionsLimited":{"$arrayElemAt":["$enterprise.functionsLimited",0.0]},"enabledFunctions":{"$arrayElemAt":["$enterprise.enabledFunctions",0.0]},"locationLockedDate":{"$arrayElemAt":["$enterprise.lockedDate",0.0]},"network":{"$arrayElemAt":["$enterprise.network",0.0]},"coreVendor":{"$arrayElemAt":["$coreVend.vendor",0.0]},"radioVendor":{"$arrayElemAt":["$radioVend.vendor",0.0]}}},{"$unset":["enterprise","coreVend","radioVend","_class"]}]},"indexes":[]}