{"options":{},"indexes":[{"v":2,"key":{"_id":1},"name":"_id_","ns":"spog.enterprise-profile"},{"v":2,"unique":true,"key":{"enterpriseId":1,"profileId":1},"name":"enterpriseId_profileId","collation":{"locale":"en_US","caseLevel":false,"caseFirst":"off","strength":2,"numericOrdering":false,"alternate":"non-ignorable","maxVariable":"punct","normalization":false,"backwards":false,"version":"57.1"},"ns":"spog.enterprise-profile"},{"v":2,"unique":true,"key":{"enterpriseId":1,"profileName":1},"name":"enterpriseId_profileName","collation":{"locale":"en_US","caseLevel":false,"caseFirst":"off","strength":2,"numericOrdering":false,"alternate":"non-ignorable","maxVariable":"punct","normalization":false,"backwards":false,"version":"57.1"},"ns":"spog.enterprise-profile"}],"uuid":"97607bb40b5f4abd9e19c04fdcfca254"}