{"options":{},"indexes":[{"v":2,"key":{"_id":1},"name":"_id_","ns":"spog.portal-user"},{"v":2,"key":{"name":1},"name":"name","collation":{"locale":"en_US","caseLevel":false,"caseFirst":"off","strength":2,"numericOrdering":false,"alternate":"non-ignorable","maxVariable":"punct","normalization":false,"backwards":false,"version":"57.1"},"ns":"spog.portal-user"},{"v":2,"unique":true,"key":{"userId":1},"name":"userId","sparse":true,"collation":{"locale":"en_US","caseLevel":false,"caseFirst":"off","strength":2,"numericOrdering":false,"alternate":"non-ignorable","maxVariable":"punct","normalization":false,"backwards":false,"version":"57.1"},"ns":"spog.portal-user"},{"v":2,"key":{"email":1},"name":"email","ns":"spog.portal-user","collation":{"locale":"en_US","caseLevel":false,"caseFirst":"off","strength":2,"numericOrdering":false,"alternate":"non-ignorable","maxVariable":"punct","normalization":false,"backwards":false,"version":"57.1"}},{"v":2,"unique":true,"key":{"standaloneEmail":1},"name":"standaloneEmail","ns":"spog.portal-user","sparse":true,"collation":{"locale":"en_US","caseLevel":false,"caseFirst":"off","strength":2,"numericOrdering":false,"alternate":"non-ignorable","maxVariable":"punct","normalization":false,"backwards":false,"version":"57.1"}}],"uuid":"141bffb363f3443e8f32f10ba4c7c21c"}