{"options":{},"indexes":[{"v":2,"key":{"_id":1},"name":"_id_","ns":"spog.portal-user-roles"},{"v":2,"unique":true,"key":{"enterpriseId":1,"name":1},"name":"enterpriseId_name","collation":{"locale":"en_US","caseLevel":false,"caseFirst":"off","strength":2,"numericOrdering":false,"alternate":"non-ignorable","maxVariable":"punct","normalization":false,"backwards":false,"version":"57.1"},"ns":"spog.portal-user-roles"},{"v":2,"key":{"name":1},"name":"name","collation":{"locale":"en_US","caseLevel":false,"caseFirst":"off","strength":2,"numericOrdering":false,"alternate":"non-ignorable","maxVariable":"punct","normalization":false,"backwards":false,"version":"57.1"},"ns":"spog.portal-user-roles"}],"uuid":"799a07c40e244be0b311dbb19f649f40"}