{"options":{},"indexes":[{"v":2,"key":{"_id":1},"name":"_id_","ns":"spog.wfm-ticket"},{"v":2,"unique":true,"key":{"ecpdId":1,"ticketReferenceNumber":1},"name":"ecpdId_ticketReferenceNumber","collation":{"locale":"en_US","caseLevel":false,"caseFirst":"off","strength":3,"numericOrdering":true,"alternate":"non-ignorable","maxVariable":"punct","normalization":false,"backwards":false,"version":"57.1"},"ns":"spog.wfm-ticket"},{"v":2,"unique":true,"key":{"ticketReferenceNumber":1},"name":"ticketReferenceNumber","collation":{"locale":"en_US","caseLevel":false,"caseFirst":"off","strength":3,"numericOrdering":true,"alternate":"non-ignorable","maxVariable":"punct","normalization":false,"backwards":false,"version":"57.1"},"ns":"spog.wfm-ticket"}],"uuid":"f93a6f84a19c4c8a8ac0ae0fa492a130"}