{
  "guides": [
    {
      "id": 1,
      "name": "Password Managment",
      "description": "Learn how to manage passwords and how to effectively update your application that uses a password at runtime",
      "link": "https://github.ford.com/DevEnablement/pcfdev-guides/blob/master/password-management/README.md",
      "tags": ["Database", "TAS(PCF)", "Java", "Security"],
      "category": "Spring Boot"
    },
    {
      "id": 2,
      "name": "APS - Authorization Provider",
      "description": "Learn how to integrate APS client library with Spring Boot",
      "link": "https://github.ford.com/DevEnablement/pcfdev-guides/tree/master/aps",
      "tags": ["Security"],
      "category": "Spring Boot"
    },
    {
      "id": 3,
      "name": "EcoBoost Base Project",
      "description": "Learn how to use core features of the Base EcoBoost project",
      "link": "https://github.ford.com/DevEnablement/pcfdev-guides/tree/master/base-service",
      "tags": ["EcoBoost", "Java", "API", "TAS(PCF)"],
      "category": "Spring Boot"
    },
    {
      "id": 4,
      "name": "Autosys & PCF",
      "description": "Learn how to use Autosys to trigger calls to apps in PCF",
      "link": "https://github.ford.com/DevEnablement/pcfdev-guides/tree/master/batchjob-autosys",
      "tags": ["TAS(PCF)", "Scheduling"],
      "category": "Spring Boot"
    },
    {
      "id": 5,
      "name": "Checkmarx SAST",
      "description": "Learn how to use Checkmarx in a Jenkins pipeline to perform static analysis (SAST)",
      "link": "https://github.ford.com/DevEnablement/pcfdev-guides/tree/master/checkmarx",
      "tags": ["SAST"],
      "category": "Spring Boot"
    },
    {
      "id": 6,
      "name": "Circuitbreaker with Resilience4J",
      "description": "Learn how to use circuitbreaker with Resilience4J library",
      "link": "https://github.ford.com/DevEnablement/pcfdev-guides/tree/master/circuitbreaker",
      "tags": ["API"],
      "category": "Spring Boot"
    },
    {
      "id": 7,
      "name": "Config Server Client",
      "description": "Learn how a client app can use Spring Cloud Config Server",
      "link": "https://github.ford.com/DevEnablement/pcfdev-guides/tree/master/config-client",
      "tags": ["API", "TAS(PCF)"],
      "category": "Spring Boot"
    },
    {
      "id": 8,
      "name": "Config Server Setup",
      "description": "Learn how to create and configure a Spring Cloud Config Server to use GitHub",
      "link": "https://github.ford.com/DevEnablement/pcfdev-guides/tree/master/config-client/CONFIG_SERVER_SETUP.md",
      "tags": ["API", "TAS(PCF)"],
      "category": "Spring Boot"
    },
    {
      "id": 9,
      "name": "Database with Flyway",
      "description": "Learn how to configure a database and manage it's schema with Flyway",
      "link": "https://github.ford.com/DevEnablement/pcfdev-guides/tree/master/db-flyway",
      "tags": ["Database", "Java"],
      "category": "Spring Boot"
    },
    {
      "id": 10,
      "name": "Encrypted Email",
      "description": "Learn how to send secure email messages using Ford SMTP relay servers to Ford email addresses",
      "link": "https://github.ford.com/DevEnablement/pcfdev-guides/tree/master/email-encrypted",
      "tags": ["Security", "Interoperability"],
      "category": "Spring Boot"
    },
    {
      "id": 11,
      "name": "Email",
      "description": "Learn how to send email messages using Ford SMTP relay servers",
      "link": "https://github.ford.com/DevEnablement/pcfdev-guides/tree/master/email",
      "tags": ["Interoperability"],
      "category": "Spring Boot"
    },
    {
      "id": 12,
      "name": "SFTP",
      "description": "Learn how to use the Ford Standard SFTP client library in a Spring application",
      "link": "https://github.ford.com/DevEnablement/pcfdev-guides/tree/master/ftp-secured",
      "tags": ["Interoperability"],
      "category": "Spring Boot"
    },
    {
      "id": 13,
      "name": "FTP",
      "description": "Learn how to use the Ford Standard FTP client library in a Spring application",
      "link": "https://github.ford.com/DevEnablement/pcfdev-guides/tree/master/ftp",
      "tags": ["Interoperability"],
      "category": "Spring Boot"
    },
    {
      "id": 14,
      "name": "Spring Cloud Gateway",
      "description": "Learn how to use the Spring Cloud Gateway",
      "link": "https://github.ford.com/DevEnablement/pcfdev-guides/tree/master/gateway",
      "tags": ["Java", "TAS(PCF)", "API"],
      "category": "Spring Boot"
    },
    {
      "id": 15,
      "name": "Git",
      "description": "Various guides related to setup, access, and patterns related to git",
      "link": "https://github.ford.com/DevEnablement/pcfdev-guides/tree/master/git",
      "tags": ["Tools"],
      "category": "Spring Boot"
    },
    {
      "id": 16,
      "name": "LDAP",
      "description": "Learn how to connect and query Ford's corporate LDAP servers",
      "link": "https://github.ford.com/DevEnablement/pcfdev-guides/tree/master/ldap",
      "tags": [],
      "category": "Spring Boot"
    },
    {
      "id": 17,
      "name": "Logging",
      "description": "Learn how to effectively use logging in a Spring Boot app",
      "link": "https://github.ford.com/DevEnablement/pcfdev-guides/tree/master/logging",
      "tags": ["Java"],
      "category": "Spring Boot"
    },
    {
      "id": 18,
      "name": "Migrations & Upgrades",
      "description": "Learn how to migrate or upgrade Spring Boot, Java, etc.",
      "link": "https://github.ford.com/DevEnablement/pcfdev-guides/tree/master/migrations",
      "tags": ["Java"],
      "category": "Spring Boot"
    },
    {
      "id": 19,
      "name": "SMB Volume Services (NAS)",
      "description": "Learn how to request, configure, and use SMB & NAS from an app in PCF",
      "link": "https://github.ford.com/DevEnablement/pcfdev-guides/tree/master/nas-smb-volume",
      "tags": ["Storage"],
      "category": "Spring Boot"
    },
    {
      "id": 20,
      "name": "S3 Object Storage",
      "description": "Learn how to use Ford's Object Storage from Spring Boot apps",
      "link": "https://github.ford.com/DevEnablement/pcfdev-guides/tree/master/object-storage",
      "tags": ["Storage"],
      "category": "Spring Boot"
    },
    {
      "id": 21,
      "name": "EcoBoost Jenkins Pipeline",
      "description": "Learn how to use the EcoBoost Jenkins Pipeline offering",
      "link": "https://github.ford.com/DevEnablement/ecoboost-pipeline/blob/master/README.md",
      "tags": ["CI/CD","EcoBoost"],
      "category": "Spring Boot"
    },
    {
      "id": 22,
      "name": "Ford Proxy Servers",
      "description": "Learn how to configure various tools/processes (e.g. CLI tools, IDE, Jenkins, apps, browsers) to work with Ford's proxy servers",
      "link": "https://github.ford.com/DevEnablement/pcfdev-guides/tree/master/proxy-configuration",
      "tags": ["Networking"],
      "category": "Spring Boot"
    },
    {
      "id": 23,
      "name": "API REST Controllers",
      "description": "Learn how to write API-driven controllers for projects based on Base Project or Base Project (Multi-Project).",
      "link": "https://github.ford.com/DevEnablement/pcfdev-guides/tree/master/rest-controller",
      "tags": ["EcoBoost", "Java", "API"],
      "category": "Spring Boot"
    },
    {
      "id": 24,
      "name": "Secrets Management",
      "description": "Learn how to utilize secrets management with Jasypt, Config Server, and CredHub",
      "link": "https://github.ford.com/DevEnablement/pcfdev-guides/tree/master/secrets-management",
      "tags": ["Security", "Java"],
      "category": "Spring Boot"
    },
    {
      "id": 25,
      "name": "Security with ADFS & OAuth2",
      "description": "Learn security patterns for Ford-available security providers such as authentication with ADFS4 / Azure AD and authorization with APS",
      "link": "https://github.ford.com/DevEnablement/pcfdev-guides/tree/master/security",
      "tags": ["Security"],
      "category": "Spring Boot"
    },
    {
      "id": 26,
      "name": "Service Registry",
      "description": "Learn how to integrate your application specifically with the Eureka offering in PCF",
      "link": "https://github.ford.com/DevEnablement/pcfdev-guides/tree/master/service-registry",
      "tags": ["TAS(PCF)"],
      "category": "Spring Boot"
    },
    {
      "id": 27,
      "name": "SonarQube",
      "description": "Learn how to use Ford's SonarQube in a Jenkins pipeline to perform static analysis (SAST)",
      "link": "https://github.ford.com/DevEnablement/pcfdev-guides/tree/master/sonarqube",
      "tags": ["SAST"],
      "category": "Spring Boot"
    },
    {
      "id": 28,
      "name": "Static Buildpack",
      "description": "Learn how to use the static buildpack in PCF to host static content (html, JavaScript, pdf, etc.)",
      "link": "https://github.ford.com/DevEnablement/pcfdev-guides/tree/master/static-buildpack",
      "tags": ["TAS(PCF)"],
      "category": "Spring Boot"
    },
    {
      "id": 29,
      "name": "TimeZones",
      "description": "Learn how to configure your Spring Boot application to use a specific TimeZone (i.e. UTC)",
      "link": "https://github.ford.com/DevEnablement/pcfdev-guides/tree/master/timezones",
      "tags": ["Java", "API", "Database"],
      "category": "Spring Boot"
    },
    {
      "id": 30,
      "name": "GradleBoost Plugin",
      "description": "Learn how to integrate the GradleBoost plugin into your Spring Boot application. Provides additional core features helpful to Ford Spring Boot apps.",
      "link": "https://github.ford.com/DevEnablement/gradle-boost-plugin",
      "tags": ["EcoBoost"],
      "category": "Spring Boot"
    },
    {
      "id": 31,
      "name": "Getting Started/Onboarding Guide",
      "description": "Learn how to get all key tools you need to begin developing Cloud Native applications at Ford.",
      "link": "https://devservices.ford.com/on-boarding",
      "tags": ["Getting Started"],
      "category": "Spring Boot"
    },
    {
      "id": 32,
      "name": "Jenkins Scheduled Downtime of App Instances",
      "description": "Learn how to use Jenkins to schedule the downtime of application instances in PCF that may only be needed during work hours.",
      "link": "https://github.ford.com/DevEnablement/pcfdev-guides/tree/master/jenkins-app-scheduler",
      "tags": ["CI/CD"],
      "category": "Spring Boot"
    },
    {
      "id": 33,
      "name": "Jenkins Configuration for SDE Jenk8S. Migrate to your own Jenkins",
      "description": "Learn how to configure your Kubernetes Jenkins (SDE Jenk8S) instance such that it can be used for the Dev Enablment team's Jenkins Pipeline (Java compile, CF PUSH, GitHub, etc.)",
      "link": "https://github.ford.com/DevEnablement/ecoboost-pipeline/blob/master/MIGRATE_TO_JENK8S.md",
      "tags": ["CI/CD"],
      "category": "Spring Boot"
    },
    {
      "id": 34,
      "name": "FOSSA open source analysis tool with Jenkins integration",
      "description": "Learn how to onboard to FOSSA and configure your Jenkins instance for automated FOSSA analysis",
      "link": "https://github.ford.com/DevEnablement/pcfdev-guides/tree/master/fossa/README.md",
      "tags": ["SAST", "Security", "CI/CD"],
      "category": "Spring Boot"
    },
    {
      "id": 35,
      "name": "Intelligent load balancing for apps in PCF EDC1 & EDC2",
      "description": "Learn how to setup application-specific load balancing is now available in EDC1 and EDC2 PCF foundations",
      "link": "https://github.ford.com/DevEnablement/pcfdev-guides/tree/master/app-gslb/README.md",
      "tags": ["Networking"],
      "category": "Spring Boot"
    },
    {
      "id": 36,
      "name": "Create a redirect app using static buildpack",
      "description": "Learn how to host a simple redirect page in PCF",
      "link": "https://github.ford.com/DevEnablement/pcfdev-guides/tree/master/pcf-redirect/README.md",
      "tags": ["TAS(PCF)", "Networking"],
      "category": "Spring Boot"
    },
    {
      "id": 37,
      "name": "Actuators",
      "description": "Learn how to properly use and secure Spring Boot Actuators",
      "link": "https://github.ford.com/DevEnablement/pcfdev-guides/tree/master/actuators/README.md",
      "tags": ["API"],
      "category": "Spring Boot"
    },
    {
      "id": 38,
      "name": "Application Specific GSLB",
      "description": "Learn how to properly use Application-Specific Load Balancing",
      "link": "https://github.ford.com/DevEnablement/pcfdev-guides/tree/master/app-gslb/README.md",
      "tags": ["Networking"],
      "category": "Spring Boot"
    },
    {
      "id": 39,
      "name": "Java JDK/JRE",
      "description": "Learn how to make the right choice in regards to Java versions and JDK vendors",
      "link": "https://github.ford.com/DevEnablement/pcfdev-guides/tree/master/java/README.md",
      "tags": ["Java"],
      "category": "Spring Boot"
    },
    {
      "id": 40,
      "name": "IBM MQ",
      "description": "Learn how to access IBM MQ with JMS from Spring Boot Applications in PCF",
      "link": "https://github.ford.com/DevEnablement/pcfdev-guides/tree/master/ibm-mq/README.md",
      "tags": ["Message Queues"],
      "category": "Spring Boot"
    },
    {
      "id": 41,
      "name": "NGINX buildpack",
      "description": "Learn how to use the NGINX buildpack in PCF for applications needing customized nginx.conf",
      "link": "https://github.ford.com/DevEnablement/pcfdev-guides/tree/master/nginx-buildpack/README.md",
      "tags": ["TAS(PCF)"],
      "category": "Spring Boot"
    },
    {
      "id": 42,
      "name": "EcoBoost Features",
      "description": "Learn about all the features made available to you when you create a EcoBoost Spring Boot application",
      "link": "https://github.ford.com/DevEnablement/ecoboost-wiki/wiki",
      "tags": ["EcoBoost", "Java", "Getting Started"],
      "category": "Spring Boot"
    },
    {
      "id": 43,
      "name": "PCF Autoscaler Service",
      "description": "Learn how and why to use the Autoscaler and it's associated CF CLI plugin",
      "link": "https://github.ford.com/DevEnablement/pcfdev-guides/tree/master/autoscaler/README.md",
      "tags": ["TAS(PCF)"],
      "category": "Spring Boot"
    },
    {
      "id": 44,
      "name": "PCF IP Address Reference",
      "description": "Reference the IP address ranges for our PCF Foundations",
      "link": "https://github.ford.com/DevEnablement/pcfdev-guides/tree/master/ip-address-reference/README.md",
      "tags": ["TAS(PCF)"],
      "category": "Spring Boot"
    },
    {
      "id": 45,
      "name": "OWASP TOP 10 Security - 2020",
      "description": "Securing Spring Boot applications against threats identified on the OWASP Top 10 list",
      "link": "https://github.ford.com/DevEnablement/pcfdev-guides/tree/master/owasp-top-10/README.md",
      "tags": ["Security"],
      "category": "Spring Boot"
    },
    {
      "id": 46,
      "name": "Container to Container (C2C) Networking in PCF",
      "description": "Learn about C2C networking in PCF and steps to enable and automate it through Jenkins pipeline",
      "link": "https://github.ford.com/DevEnablement/pcfdev-guides/blob/master/c2c_networking/ReadMe.md",
      "tags": ["TAS(PCF)", "Networking"],
      "category": "Spring Boot"
    },
    {
      "id": 47,
      "name": "SRE Metrics",
      "description": "Learn about SRE Metrics for your Spring Boot app, the SRE Observability Platform, and using the 4 Golden Signals",
      "link": "https://github.ford.com/Platform-Enablement/sre_metrics",
      "tags": ["TAS(PCF)", "Monitoring"],
      "category": "Spring Boot"
    },
    {
      "id": 48,
      "name": "API Strategy & Style Guide",
      "description": "Learn about a Ford adopted set of industry rules, standards, and conventions that apply to the design of RESTful APIs at Ford",
      "link": "https://azureford.sharepoint.com/sites/apicentral/SitePages/API-Strategy.aspx",
      "tags": ["API"],
      "category": "Spring Boot"
    },
    {
      "id": 49,
      "name": "Dynatrace",
      "description": "Learn about Dynatrace and how it can be used to provide end-to-end availability and performance monitoring",
      "link": "https://azureford.sharepoint.com/sites/L1POE/Public/SitePages/Dynatrace.aspx",
      "tags": ["Monitoring"],
      "category": "Spring Boot"
    },
    {
      "id": 50,
      "name": "Troubleshooting",
      "description": "Learn about the Dev Enablement recommendations for Troubleshooting",
      "link": "https://github.ford.com/DevEnablement/pcfdev-guides/blob/master/troubleshooting/README.md",
      "tags": ["Support"],
      "category": "Spring Boot"
    },
    {
      "id": 51,
      "name": "MongoDB",
      "description": "Learn about using MongoDB from an EcoBoost generated Spring Boot application.",
      "link": "https://github.ford.com/DevEnablement/devenablement-service-mongodb/blob/master/README.md",
      "tags": ["Database"],
      "category": "Spring Boot"
    },
    {
      "id": 52,
      "name": "Scheduled Jobs",
      "description": "Learn about the various options for running scheduled jobs in PCF",
      "link": "https://github.ford.com/DevEnablement/pcfdev-guides/blob/master/scheduled-jobs/README.md",
      "tags": ["TAS(PCF)", "Scheduling"],
      "category": "Spring Boot"
    },
    {
      "id": 53,
      "name": "Dev Enablement Innersource",
      "description": "Learn how to contribute to Dev Enablement products using an Innersource model",
      "link": "https://github.ford.com/DevEnablement/pcfdev-guides/blob/master/git/InnersourceProcess.md",
      "tags": [],
      "category": "Spring Boot"
    },
    {
      "id": 54,
      "name": "Migrate Accurev Depots to GitHub",
      "description": "migrating content of AccuRev depots to the GitHub platform at Ford and purging decommissioned depots no longer needed by Ford application teams.",
      "link": "https://github.ford.com/DevEnablement/pcfdev-guides/blob/master/github-migration/README.md",
      "tags": ["Java"],
      "category": "Spring Boot"
    },
    {
      "id": 55,
      "name": "JAB7 Setup",
      "description": "Learn how to setup jab in your local workspace and also this guide include JEE Dev Softwares and Server setup guides.",
      "link": "https://github.ford.com/DevEnablement/pcfdev-guides/blob/master/jab7-setup/setup-guide/README.md",
      "tags": ["Java"],
      "category": "Spring Boot"
    },
    {
      "id": 56,
      "name": "42Crunch Dev Guide",
      "description": "Learn how to use the 42Crunch tooling to perform contract testing of API's.",
      "link": "https://github.ford.com/Platform-Enablement/42Crunch/blob/master/README.md",
      "tags": ["API", "Security"],
      "category": "Spring Boot"
    },
    {
      "id": 57,
      "name": "cf CLI guide and downloads",
      "description": "Learn how to use cf CLI and choose the right version to download amnd install.",
      "link": "https://github.ford.com/DevEnablement/pcfdev-guides/blob/master/cf-cli/README.md",
      "tags": ["TAS(PCF)", "Tools"],
      "category": "Spring Boot"
    },
    {
      "id": 58,
      "name": "HealthNut",
      "description": "Learn how to use the HealthNut tool to monitor your application. The tool will call your Health endpoint for this monitoring.",
      "link": "http://healthnut.ford.com/",
      "tags": ["Tools", "Monitoring"],
      "category": "Spring Boot"
    },
    {
      "id": 59,
      "name": "Persistence",
      "description": "Learn more about Spring Data JPA for persistence in Spring apps, and our recommended usage patterns with JPA.",
      "link": "https://github.ford.com/DevEnablement/pcfdev-guides/blob/master/persistence/README.md",
      "tags": ["Database"],
      "category": "Spring Boot"
    },
    {
      "id": 60,
      "name": "Rabbit MQ",
      "description": "Learn more about Rabbit MQ and the Rabbit offerings in PCF",
      "link": "https://github.ford.com/DevEnablement/pcfdev-guides/blob/master/rabbit/README.md",
      "tags": ["Message Queues"],
      "category": "Spring Boot"
    },
    {
      "id": 61,
      "name": "Ford Answers",
      "description": "Learn more about the Ford Answers help resource",
      "link": "https://github.ford.com/DevEnablement/pcfdev-guides/blob/master/ford-answers/README.md",
      "tags": ["Support"],
      "category": "Spring Boot"
    },
    {
      "id": 62,
      "name": "Security Vulnerabilities",
      "description": "Learn more about Security Vulnerabilities in open source software",
      "link": "https://github.ford.com/DevEnablement/pcfdev-guides/blob/master/security-vulnerabilities/README.md",
      "tags": ["Security"],
      "category": "Spring Boot"
    },
    {
      "id": 63,
      "name": "Swagger Configuration",
      "description": "Learn how to configure swagger in EcoBoost Spring application to generate API documentation",
      "link": "https://github.ford.com/DevEnablement/pcfdev-guides/tree/master/swagger/README.md",
      "tags": ["API", "EcoBoost"],
      "category": "Spring Boot"
    },
    {
      "id": 64,
      "name": "Ford Credit Security Solutions",
      "description": "Learn about common vulnerabilities and solutions geared towards remediation from this Ford Credit repo",
      "link": "https://github.ford.com/ford-credit-inner-source/SecDevOps-Solutions/blob/master/README.md",
      "tags": ["Security"],
      "category": "Spring Boot"
    },
	{
      "id": 65,
      "name": "Spring Cloud Dataflow (SCDF)",
      "description": "This guide will provide an introduction of Spring Cloud Data Flow (SCDF) in PCF.",
      "link": "https://github.ford.com/DevEnablement/pcfdev-guides/blob/master/scdf/README.md",
      "tags": ["Interoperability"],
      "category": "Spring Boot"
    },
    {
      "id": 66,
      "name": "GraphQL",
      "description": "Learn how to use GraphQL to query selective data from a Service API endpoint that fetches data from the database.",
      "link": "https://github.ford.com/DevEnablement/pcfdev-guides/tree/master/graphql",
      "tags": ["API"],
      "category": "Spring Boot"
    },
    {
      "id": 67,
      "name": "Log4J CVE",
      "description": "Guide and FAQ regarding the Log4J CVE (CVE-2021-44228)",
      "link": "https://azureford.sharepoint.com/sites/SDE/SitePages/Log4J-FAQ.aspx",
      "tags": ["Security"],
      "category": "Spring Boot"
    },
    {
      "id": 68,
      "name": "CVE Patch Recommendations",
      "description": "CVE patch recommendations by Dev Enablement team, based on vulnerabilities reported by FOSSA scan on a standard EcoBoost template Spring Boot application and/or on other Dev Enablement team recommended solutions, frameworks and patterns.",
      "link": "https://github.ford.com/DevEnablement/pcfdev-guides/tree/master/fossa/CVEPatch.md",
      "tags": ["SAST", "Security", "API"],
      "category": "Spring Boot"
    },  
	
    {
      "id": 1001,
      "name": "ADFS for Angular/Spring Boot Integration",
      "description": "Learn about how to configure ADFS in a Angular app that integrates with a backend Spring Boot app",
      "link": "https://github.ford.com/DevEnablement/pcfdev-guides/blob/master/security/frontend-backend-integration/README.md",
      "tags": ["Security", "Angular"],
      "category": "Web & Mobile"
    },
    {
      "id": 1002,
      "name": "CORS Configuration for Spring Boot Application",
      "description": "Learn how to configure CORS for Spring Boot Application at Controller / method level and at application level",
      "link": "https://github.ford.com/DevEnablement/pcfdev-guides/blob/master/security/cors-configuration/README.md",
      "tags": ["Getting Started", "CORS", "Java", "Security"],
      "category": "Spring Boot"
    },
    {
      "id": 1003,
      "name": "Mobile App Development Process Flow",
      "description": "Learn the process flow behind any mobile app development efforts at Ford",
      "link": "https://github.ford.com/WaMCOE/mobile-devguides/blob/master/Mobile-App-Development-Process-Flow/Mobile-App-Development-Process-Flow.pdf",
      "tags": ["Getting Started", "Mobile", "iOS", "iPadOS", "Android"],
      "category": "Web & Mobile"
    },
    {
      "id": 1004,
      "name": "FDS Icons, Colors and Fonts for Android",
      "description": "Learn how to leverage the Icons, Colors and Fonts from FDS in your Android app",
      "link": "https://github.ford.com/WaMCOE/mobile-devguides/tree/master/android-FDS",
      "tags": ["FDS", "Mobile", "Android", "Theming"],
      "category": "Web & Mobile"
    },
    {
      "id": 1005,
      "name": "Android Accessibility (a11y)",
      "description": "Learn how to test for accessibility on Android apps",
      "link": "https://github.ford.com/WaMCOE/mobile-devguides/tree/master/android-accessibility",
      "tags": ["Mobile", "Android", "Accessibility"],
      "category": "Web & Mobile"
    },
    {
      "id": 1006,
      "name": "Android Deep Links with App Links",
      "description": "Learn how link into specific screens of your Android apps",
      "link": "https://github.ford.com/WaMCOE/mobile-devguides/tree/master/android-applinks",
      "tags": ["Mobile", "Android", "Interoperability"],
      "category": "Web & Mobile"
    },
    {
      "id": 1007,
      "name": "Android Jenkins Pipeline",
      "description": "Learn how to configure and run a CI/CD pipeline for Android apps - includes integrations with FOSSA, SonarQube, Checkmarx",
      "link": "https://github.ford.com/WaMCOE/mobile-devguides/tree/master/android-jenkins",
      "tags": ["Mobile", "Android", "CI/CD"],
      "category": "Web & Mobile"
    },
    {
      "id": 1008,
      "name": "Getting started with Mobile Development",
      "description": "Learn about getting started with native mobile development efforts at Ford",
      "link": "https://github.ford.com/WaMCOE/mobile-devguides/tree/master/getting-started",
      "tags": ["Getting Started", "Mobile", "iOS", "iPadOS", "Android"],
      "category": "Web & Mobile"
    },
    {
      "id": 1009,
      "name": "iOS ADFS Integration",
      "description": "Learn how to configure an ADFS-based oauth flow for user authentication in an iOS app",
      "link": "https://github.ford.com/WaMCOE/mobile-devguides/tree/master/iOS-ADFS",
      "tags": ["Mobile", "iOS", "iPadOS", "Security"],
      "category": "Web & Mobile"
    },
    {
      "id": 1010,
      "name": "iOS AppCenter SDK Integration",
      "description": "Learn how to integrate the AppCenter SDK into an iOS app for dev build analytics",
      "link": "https://github.ford.com/WaMCOE/mobile-devguides/tree/master/iOS-AppCenter-Analytics-CrashReporting",
      "tags": ["Mobile", "iOS", "iPadOS", "Monitoring", "Tools"],
      "category": "Web & Mobile"
    },
    {
      "id": 1011,
      "name": "FDS Colors for iOS",
      "description": "Learn how to leverage the color palette from FDS in your iOS app",
      "link": "https://github.ford.com/WaMCOE/mobile-devguides/tree/master/iOS-FDS-Colors",
      "tags": ["FDS", "Mobile", "iOS", "iPadOS", "Theming"],
      "category": "Web & Mobile"
    },
    {
      "id": 1012,
      "name": "iOS Push Notifications",
      "description": "Learn how to leverage Apple Push Notification Services (APNs) in your iOS app",
      "link": "https://github.ford.com/WaMCOE/mobile-devguides/tree/master/iOS-PushNotifications",
      "tags": ["Mobile", "iOS", "iPadOS", "Interoperability"],
      "category": "Web & Mobile"
    },
    {
      "id": 1013,
      "name": "iOS SF Symbols icon library",
      "description": "Learn how to leverage Apple's SFSymbols icon library in your iOS app",
      "link": "https://github.ford.com/WaMCOE/mobile-devguides/tree/master/iOS-SFSymbols",
      "tags": ["Mobile", "iOS", "iPadOS", "Theming"],
      "category": "Web & Mobile"
    },
    {
      "id": 1014,
      "name": "iOS Accessibility (a11y)",
      "description": "Learn how to test for accessibility on iOS apps",
      "link": "https://github.ford.com/WaMCOE/mobile-devguides/tree/master/ios-accessibility",
      "tags": ["Mobile", "iOS", "iPadOS", "Accessibility"],
      "category": "Web & Mobile"
    },
    {
      "id": 1015,
      "name": "iOS Deep Links with Universal Links",
      "description": "Learn how link into specific screens of your iOS apps",
      "link": "https://github.ford.com/WaMCOE/mobile-devguides/tree/master/ios-deeplinks",
      "tags": ["Mobile", "iOS", "iPadOS", "Interoperability"],
      "category": "Web & Mobile"
    },
    {
      "id": 1016,
      "name": "iOS Dependency Management",
      "description": "Learn how to manage third-party dependencies for your iOS apps",
      "link": "https://github.ford.com/WaMCOE/mobile-devguides/tree/master/ios-dependencies",
      "tags": ["Mobile", "iOS", "iPadOS", "Tools"],
      "category": "Web & Mobile"
    },
    {
      "id": 1017,
      "name": "Mobile App Security Overview",
      "description": "Learn some high-level security topics to be aware of when developing a native mobile app",
      "link": "https://github.ford.com/WaMCOE/mobile-devguides/tree/master/security",
      "tags": ["Mobile", "Android", "iOS", "iPadOS", "Security"],
      "category": "Web & Mobile"
    },
    {
      "id": 1018,
      "name": "Ford Responsive Framework (FRF) version migration",
      "description": "Learn the steps required to migrate between versions of the Ford Responsive Framework",
      "link": "https://github.ford.com/WaMCOE/web-devguides/tree/master/migration",
      "tags": ["PWA", "FRF", "Angular", "Support"],
      "category": "Web & Mobile"
    },
    {
      "id": 1019,
      "name": "Node.js and Node Package Manager (npm) Setup at Ford",
      "description": "Learn the recommended steps to install and configure Node.js and npm on a development workstation",
      "link": "https://github.ford.com/WaMCOE/web-devguides/blob/master/node-and-npm/Node%20Package%20Manager%20Setup%20at%20Ford.pdf",
      "tags": ["Node", "npm", "FRF", "Support"],
      "category": "Web & Mobile"
    },
    {
      "id": 1020,
      "name": "Troubleshooting npm EPERM errors",
      "description": "Learn the recommended steps to rectify the tricky EPERM error that might come up during npm install",
      "link": "https://github.ford.com/WaMCOE/web-devguides/blob/master/node-and-npm/npm-EPERM-guide.md",
      "tags": ["Node", "npm", "FRF", "Support"],
      "category": "Web & Mobile"
    },
    {
      "id": 1021,
      "name": "Troubleshooting guide for web applications at Ford",
      "description": "Learn the recommended materials and support channels to help you troubleshoot a problem in your web application",
      "link": "https://github.ford.com/WaMCOE/web-devguides/tree/master/troubleshooting",
      "tags": ["PWA", "FRF", "Angular", "Support"],
      "category": "Web & Mobile"
    },
    {
      "id": 1022,
      "name": "Tools for testing web accessibility (a11y)",
      "description": "Learn how to leverage recommended tools for testing accessibility on web apps",
      "link": "https://github.ford.com/WaMCOE/web-devguides/tree/master/web-accessibility/testing",
      "tags": ["PWA", "Tools", "Accessibility"],
      "category": "Web & Mobile"
    },
    {
      "id": 1023,
      "name": "Web accessibility (a11y) quick fixes",
      "description": "Learn some quick fixes you can make to increase your web app's accessibility",
      "link": "https://github.ford.com/WaMCOE/web-devguides/tree/master/web-accessibility/developer-quick-fixes",
      "tags": ["Getting Started", "PWA", "Tools", "Accessibility"],
      "category": "Web & Mobile"
    },
    {
      "id": 1024,
      "name": "Developer Overview for web accessibility (a11y)",
      "description": "Learn the basic concepts for accessibility in web apps",
      "link": "https://github.ford.com/WaMCOE/web-devguides/tree/master/web-accessibility/developer-overview",
      "tags": ["Getting Started", "PWA", "Tools", "Accessibility"],
      "category": "Web & Mobile"
    },
    {
      "id": 1025,
      "name": "Developer Guide for web accessibility (a11y)",
      "description": "Learn fundamental rules to developing accessible web apps",
      "link": "https://github.ford.com/WaMCOE/web-devguides/tree/master/web-accessibility/developer-guide",
      "tags": ["Getting Started", "PWA", "Tools", "Accessibility"],
      "category": "Web & Mobile"
    },
    {
      "id": 1026,
      "name": "iOS Jenkins Pipeline",
      "description": "Learn how to configure and run a CI/CD pipeline for iOS apps - includes integrations with FOSSA, SonarQube, Checkmarx",
      "link": "https://github.ford.com/WaMCOE/mobile-devguides/tree/master/iOS-Jenkins-Pipeline",
      "tags": ["Getting Started", "PWA", "Tools", "Accessibility"],
      "category": "Web & Mobile"
    },
	
	
    {
      "id": 2001,
      "name": "CaaS Dev Guides",
      "description": "A collection of examples demonstrating uses of different objects, capabilities, and integrations in CaaS Openshift",
      "link": "https://github.ford.com/DevEnablement/caas-dev-guides",
      "tags": ["CaaS"],
      "category": "Containers"
    },
    {
      "id": 2002,
      "name": "Tekton",
      "description": "Tekton guides, Task Library and Reference Pipelines for applications built with common tech stacks at Ford.",
      "link": "https://github.ford.com/DevEnablement/caas-tekton",
      "tags": ["CaaS", "Tekton"],
      "category": "Containers"
    }  
  ]
}
